{
    "model": "LinearRegression",
    "totalRows": 1138,
    "trainRows": 853,
    "testRows": 285,
    "meanAbsoluteError": 0.04642545280954977,
    "r2Score": 0.2910568117905624,
    "coefficients": [
        {
            "feature": "RoomCount",
            "value": -0.0026578196965477835
        },
        {
            "feature": "WalkableTiles",
            "value": -0.000238744649796561
        },
        {
            "feature": "OptimalPath",
            "value": 0.0003457908577106622
        },
        {
            "feature": "Complexity",
            "value": 0.0024518092553597356
        }
    ],
    "intercept": 0.11252155736494529
}